--
-- PostgreSQL database dump
--

\restrict wqbNX2Ft7XCLbPHmMJXX8DY9N3WBz3OSLVt2LOJxH7GLeRL7gewWoE0P4uZKjsp

-- Dumped from database version 17.6 (Debian 17.6-1.pgdg13+1)
-- Dumped by pg_dump version 17.6 (Debian 17.6-1.pgdg13+1)

SET statement_timeout = 0;
SET lock_timeout = 0;
SET idle_in_transaction_session_timeout = 0;
SET transaction_timeout = 0;
SET client_encoding = 'UTF8';
SET standard_conforming_strings = on;
SELECT pg_catalog.set_config('search_path', '', false);
SET check_function_bodies = false;
SET xmloption = content;
SET client_min_messages = warning;
SET row_security = off;

SET default_tablespace = '';

SET default_table_access_method = heap;

--
-- Name: address; Type: TABLE; Schema: public; Owner: admin
--

CREATE TABLE public.address (
    id bigint NOT NULL,
    district character varying(255) NOT NULL,
    province character varying(255) NOT NULL,
    street character varying(255) NOT NULL
);


ALTER TABLE public.address OWNER TO admin;

--
-- Name: address_id_seq; Type: SEQUENCE; Schema: public; Owner: admin
--

ALTER TABLE public.address ALTER COLUMN id ADD GENERATED BY DEFAULT AS IDENTITY (
    SEQUENCE NAME public.address_id_seq
    START WITH 1
    INCREMENT BY 1
    NO MINVALUE
    NO MAXVALUE
    CACHE 1
);


--
-- Name: badge; Type: TABLE; Schema: public; Owner: admin
--

CREATE TABLE public.badge (
    id bigint NOT NULL,
    created_at timestamp(6) without time zone NOT NULL,
    description character varying(255) NOT NULL,
    event_id bigint,
    title character varying(255) NOT NULL,
    updated_at timestamp(6) without time zone NOT NULL
);


ALTER TABLE public.badge OWNER TO admin;

--
-- Name: badge_id_seq; Type: SEQUENCE; Schema: public; Owner: admin
--

ALTER TABLE public.badge ALTER COLUMN id ADD GENERATED BY DEFAULT AS IDENTITY (
    SEQUENCE NAME public.badge_id_seq
    START WITH 1
    INCREMENT BY 1
    NO MINVALUE
    NO MAXVALUE
    CACHE 1
);


--
-- Name: category; Type: TABLE; Schema: public; Owner: admin
--

CREATE TABLE public.category (
    id bigint NOT NULL,
    description character varying(255),
    name character varying(255) NOT NULL
);


ALTER TABLE public.category OWNER TO admin;

--
-- Name: category_id_seq; Type: SEQUENCE; Schema: public; Owner: admin
--

ALTER TABLE public.category ALTER COLUMN id ADD GENERATED BY DEFAULT AS IDENTITY (
    SEQUENCE NAME public.category_id_seq
    START WITH 1
    INCREMENT BY 1
    NO MINVALUE
    NO MAXVALUE
    CACHE 1
);


--
-- Name: event; Type: TABLE; Schema: public; Owner: admin
--

CREATE TABLE public.event (
    id bigint NOT NULL,
    address_id bigint,
    approved_by character varying(255),
    capacity integer NOT NULL,
    category_id bigint,
    created_at timestamp(6) without time zone,
    description character varying(1000),
    end_time timestamp(6) without time zone NOT NULL,
    image_url character varying(255),
    name character varying(255) NOT NULL,
    optional character varying(255),
    owner_id character varying(255) NOT NULL,
    registration_deadline timestamp(6) without time zone NOT NULL,
    start_time timestamp(6) without time zone NOT NULL,
    status character varying(255) NOT NULL,
    updated_at timestamp(6) without time zone,
    CONSTRAINT event_status_check CHECK (((status)::text = ANY ((ARRAY['PENDING'::character varying, 'APPROVED'::character varying, 'REJECTED'::character varying])::text[])))
);


ALTER TABLE public.event OWNER TO admin;

--
-- Name: event_id_seq; Type: SEQUENCE; Schema: public; Owner: admin
--

ALTER TABLE public.event ALTER COLUMN id ADD GENERATED BY DEFAULT AS IDENTITY (
    SEQUENCE NAME public.event_id_seq
    START WITH 1
    INCREMENT BY 1
    NO MINVALUE
    NO MAXVALUE
    CACHE 1
);


--
-- Data for Name: address; Type: TABLE DATA; Schema: public; Owner: admin
--

COPY public.address (id, district, province, street) FROM stdin;
1	Da Nang	Da Nang	S205, Vinhomes Smart City
2	Quan Hoa	Hà Nội	Nhà Cô Vân
3	Sangamon	Illinois	123 Main St
4	Da Nang	Hà Nội	S205, Vinhomes Smart City
5	Quan Hoa	Da Nang	Nhà Cô Vân
6	Quan Hoa	Da Nang	Nhà Cô 
7	Quan Hoa	Da Nang	Nhà  
8	Quan Hoa	Da Na	Nhà  
9	Quan Hoa	Hà Nội	S205, Vinhomes Smart City
10	Quan Hoa	Da Nang	S205, Vinhomes Smart City
11	ha noi	Hà Nội	144 xuân thủy
12	Da Nang	Hà Nội	144 xuân thủy
13	Huyện Đồng Văn	Tỉnh Hà Giang	S2.05, Vinhomes Smart City
14	Thành phố Hạ Long	Tỉnh Quảng Ninh	Bãi biển Hòn Gai
15	Huyện Tiền Hải	Tỉnh Thái Bình	Biển Tiền Hải
16	Quận Ba Đình	Thành phố Hà Nội	Viện máu
17	Quận Hoàn Kiếm	Thành phố Hà Nội	Viện máu
18	Quận Cầu Giấy	Thành phố Hà Nội	chợ nhà xanh
19		Thành phố Hà Nội	chợ nhà xanh
20	tuyệt	Thành phố Hà Nội	chợ nhà xanh
21	Huyện Đồng Văn	Tỉnh Hà Giang	chợ nhà xanh
22	Huyện Bảo Lạc	Tỉnh Cao Bằng	Viện máu
23	Thị xã Quế Võ	Tỉnh Bắc Ninh	Quế Hà
24	Quận Long Biên	Thành phố Hà Nội	Quế Hà
25	Quận Tây Hồ	Thành phố Hà Nội	Viện máu
26		Thành phố Hà Nội	Viện máu
27	Thành phố Nha Trang	Tỉnh Khánh Hòa	Nha Trang
28	Huyện An Lão	Tỉnh Bình Định	Quảng Trường Hùng Hà
29	Quận Lê Chân	Thành phố Hải Phòng	Biển Lê Chân
30	Thành phố Móng Cái	Tỉnh Quảng Ninh	Biển Móng Cái
31		Tỉnh Bình Định	Quảng Trường Hùng Hà
32	Quận Cầu Giấy	Thành phố Hà Nội	144 xuân thủy
33		Thành phố Hải Phòng	Biển Lê Chân
\.


--
-- Data for Name: badge; Type: TABLE DATA; Schema: public; Owner: admin
--

COPY public.badge (id, created_at, description, event_id, title, updated_at) FROM stdin;
\.


--
-- Data for Name: category; Type: TABLE DATA; Schema: public; Owner: admin
--

COPY public.category (id, description, name) FROM stdin;
1	\N	education
2	\N	environment
3	\N	animals
4	\N	Environmental
5	\N	environmental
6	\N	ok
7	\N	health
\.


--
-- Data for Name: event; Type: TABLE DATA; Schema: public; Owner: admin
--

COPY public.event (id, address_id, approved_by, capacity, category_id, created_at, description, end_time, image_url, name, optional, owner_id, registration_deadline, start_time, status, updated_at) FROM stdin;
38	23	372b41ae-9f4e-4abe-b909-07c778f1f84f	50	2	2025-12-21 01:50:28.141265	Sự kiện nhặt rác thu gom chai lọ	2025-12-24 01:49:00	https://firebasestorage.googleapis.com/v0/b/volunteerhub-79cf9.firebasestorage.app/o/5a3f01d8-8726-43f7-bcd3-e3fff8b21ec1_volunteer-blog-photo-scaled.jpg?alt=media	Thứ bảy xanh	\N	d134ffc1-4804-4bd0-b0b5-9e4e95b30cae	2025-12-22 01:50:00	2025-12-23 04:49:00	APPROVED	2025-12-21 01:58:31.44092
39	24	372b41ae-9f4e-4abe-b909-07c778f1f84f	50	2	2025-12-21 01:59:30.260684	Tình nguyện dọn rác	2025-12-26 01:59:00	https://firebasestorage.googleapis.com/v0/b/volunteerhub-79cf9.firebasestorage.app/o/e030c98a-521c-4174-9457-a2525ed4967f_17-03-2024-quan-12-to-chuc-ngay-chu-nhat-xanh-hanh-dong-vi-moi-truong-xanh-nep-song-xanh-nam-2024-F0B2E751-details.jpg?alt=media	Thứ ba xanh	\N	d134ffc1-4804-4bd0-b0b5-9e4e95b30cae	2025-12-22 01:59:00	2025-12-23 01:59:00	APPROVED	2025-12-21 02:01:30.528065
43	30	372b41ae-9f4e-4abe-b909-07c778f1f84f	50	2	2025-12-21 21:57:46.309882	Chiến dịch làm sạch bãi biển mùa hè tập trung vào việc thu gom rác thải nhựa và rác sinh hoạt dọc theo bờ biển. Chương trình kết hợp hoạt động thực địa và các buổi chia sẻ kiến thức về tác hại của ô nhiễm biển. Qua đó, người tham gia được nâng cao nhận thức và thay đổi hành vi tiêu dùng theo hướng thân thiện với môi trường.	2025-12-22 12:56:00	https://firebasestorage.googleapis.com/v0/b/volunteerhub-79cf9.firebasestorage.app/o/f4d796a4-e5f4-43e5-aec0-d1a6745eb486_R.jpg?alt=media	Chiến dịch làm sạch bãi biển mùa hè	\N	d134ffc1-4804-4bd0-b0b5-9e4e95b30cae	2025-12-21 23:00:00	2025-12-22 09:56:00	APPROVED	2025-12-21 22:52:59.996022
34	15	372b41ae-9f4e-4abe-b909-07c778f1f84f	40	2	2025-12-20 14:37:21.679715	Trồng cây bảo vệ bờ biển	2025-12-22 17:39:00	https://firebasestorage.googleapis.com/v0/b/volunteerhub-79cf9.firebasestorage.app/o/3bb95758-71ab-46ca-b6c3-45d52c6a5a6e_R.jpg?alt=media	Trồng cây gây rừng ngập mặn	\N	d134ffc1-4804-4bd0-b0b5-9e4e95b30cae	2025-12-21 14:39:00	2025-12-22 14:35:00	APPROVED	2025-12-20 14:37:29.040023
37	21	372b41ae-9f4e-4abe-b909-07c778f1f84f	50	2	2025-12-20 17:04:36.756685	Thu gom rác khu dân cư chợ nhà xanh	2025-12-23 22:07:00	https://firebasestorage.googleapis.com/v0/b/volunteerhub-79cf9.firebasestorage.app/o/778af6cb-9881-4436-890c-9455a687dce3_17-03-2024-quan-12-to-chuc-ngay-chu-nhat-xanh-hanh-dong-vi-moi-truong-xanh-nep-song-xanh-nam-2024-F0B2E751-details.jpg?alt=media	Chủ nhật xanh	\N	d134ffc1-4804-4bd0-b0b5-9e4e95b30cae	2025-12-20 17:48:00	2025-12-22 17:06:00	APPROVED	2025-12-20 19:04:43.787387
36	22	372b41ae-9f4e-4abe-b909-07c778f1f84f	200	7	2025-12-20 16:58:40.020567	Một sự kiện hữu ích cho mọi người muốn cống hiến vì cộng đồng	2025-12-27 16:58:00	https://firebasestorage.googleapis.com/v0/b/volunteerhub-79cf9.firebasestorage.app/o/3bd6ac6c-fe56-4044-b1f8-87e8e3c6a0ed_world-diabetes-day_14846529.png?alt=media	Hiến máu tại Viện Máu TW	\N	d134ffc1-4804-4bd0-b0b5-9e4e95b30cae	2025-12-22 20:58:00	2025-12-23 16:02:00	APPROVED	2025-12-20 19:05:47.647026
26	9	372b41ae-9f4e-4abe-b909-07c778f1f84f	10	2	2025-12-07 18:11:34.004788	Tuyệt vời	2025-12-27 18:16:00	https://firebasestorage.googleapis.com/v0/b/volunteerhub-79cf9.firebasestorage.app/o/77d65d0c-606f-44d6-84b3-0b5f58559e5e_Screenshot+2025-12-07+143747.png?alt=media	Bãi biển	\N	d134ffc1-4804-4bd0-b0b5-9e4e95b30cae	2025-12-11 18:11:00	2025-12-07 18:11:00	APPROVED	2025-12-19 23:44:14.59243
40	27	372b41ae-9f4e-4abe-b909-07c778f1f84f	50	2	2025-12-21 14:35:50.117161	Dọn rác bãi biển Nha Trang	2025-12-24 14:34:00	https://firebasestorage.googleapis.com/v0/b/volunteerhub-79cf9.firebasestorage.app/o/5aeaadae-9ff4-4b8d-93fd-2eb882abe20e_R.jpg?alt=media	Dọn rác bãi biển Nha Trang	\N	d134ffc1-4804-4bd0-b0b5-9e4e95b30cae	2025-12-22 14:35:00	2025-12-23 14:34:00	APPROVED	2025-12-21 14:59:14.728861
42	33	372b41ae-9f4e-4abe-b909-07c778f1f84f	20	2	2025-12-21 21:26:42.310559	Ngày hội trồng cây xanh ven sông được tổ chức với mục tiêu cải thiện hệ sinh thái và chống xói mòn bờ sông.	2025-12-26 22:26:00	https://firebasestorage.googleapis.com/v0/b/volunteerhub-79cf9.firebasestorage.app/o/4d864703-992f-40e1-86d9-fb67c06a8348_R.jpg?alt=media	Ngày hội trồng cây xanh	\N	d134ffc1-4804-4bd0-b0b5-9e4e95b30cae	2025-12-22 21:26:00	2025-12-25 09:25:00	APPROVED	2025-12-21 23:47:22.17928
\.


--
-- Name: address_id_seq; Type: SEQUENCE SET; Schema: public; Owner: admin
--

SELECT pg_catalog.setval('public.address_id_seq', 33, true);


--
-- Name: badge_id_seq; Type: SEQUENCE SET; Schema: public; Owner: admin
--

SELECT pg_catalog.setval('public.badge_id_seq', 1, false);


--
-- Name: category_id_seq; Type: SEQUENCE SET; Schema: public; Owner: admin
--

SELECT pg_catalog.setval('public.category_id_seq', 7, true);


--
-- Name: event_id_seq; Type: SEQUENCE SET; Schema: public; Owner: admin
--

SELECT pg_catalog.setval('public.event_id_seq', 44, true);


--
-- Name: address address_pkey; Type: CONSTRAINT; Schema: public; Owner: admin
--

ALTER TABLE ONLY public.address
    ADD CONSTRAINT address_pkey PRIMARY KEY (id);


--
-- Name: badge badge_pkey; Type: CONSTRAINT; Schema: public; Owner: admin
--

ALTER TABLE ONLY public.badge
    ADD CONSTRAINT badge_pkey PRIMARY KEY (id);


--
-- Name: category category_pkey; Type: CONSTRAINT; Schema: public; Owner: admin
--

ALTER TABLE ONLY public.category
    ADD CONSTRAINT category_pkey PRIMARY KEY (id);


--
-- Name: event event_pkey; Type: CONSTRAINT; Schema: public; Owner: admin
--

ALTER TABLE ONLY public.event
    ADD CONSTRAINT event_pkey PRIMARY KEY (id);


--
-- Name: category uk46ccwnsi9409t36lurvtyljak; Type: CONSTRAINT; Schema: public; Owner: admin
--

ALTER TABLE ONLY public.category
    ADD CONSTRAINT uk46ccwnsi9409t36lurvtyljak UNIQUE (name);


--
-- Name: address ukjwxme4q0mrlmyw8rkrpe8j4gw; Type: CONSTRAINT; Schema: public; Owner: admin
--

ALTER TABLE ONLY public.address
    ADD CONSTRAINT ukjwxme4q0mrlmyw8rkrpe8j4gw UNIQUE (province, district, street);


--
-- Name: idx_category_name; Type: INDEX; Schema: public; Owner: admin
--

CREATE INDEX idx_category_name ON public.category USING btree (name);


--
-- Name: event fk751x8cp2x1h1fay38u2p5gpkr; Type: FK CONSTRAINT; Schema: public; Owner: admin
--

ALTER TABLE ONLY public.event
    ADD CONSTRAINT fk751x8cp2x1h1fay38u2p5gpkr FOREIGN KEY (category_id) REFERENCES public.category(id);


--
-- Name: event fkbnsudi2pgjak7feycwo8297xi; Type: FK CONSTRAINT; Schema: public; Owner: admin
--

ALTER TABLE ONLY public.event
    ADD CONSTRAINT fkbnsudi2pgjak7feycwo8297xi FOREIGN KEY (address_id) REFERENCES public.address(id);


--
-- Name: badge fkg1obp0qmph3p81hw46gxee2ed; Type: FK CONSTRAINT; Schema: public; Owner: admin
--

ALTER TABLE ONLY public.badge
    ADD CONSTRAINT fkg1obp0qmph3p81hw46gxee2ed FOREIGN KEY (event_id) REFERENCES public.event(id);


--
-- PostgreSQL database dump complete
--

\unrestrict wqbNX2Ft7XCLbPHmMJXX8DY9N3WBz3OSLVt2LOJxH7GLeRL7gewWoE0P4uZKjsp

